trade_id,signal,order,fill,exit,tick_before,tick_at/after,max_delta_ms,status
POS-20260907T2355Z,2026-09-08T00:01:24.518486+00:00,,2026-09-08T00:22:23.109926+00:00,2026-09-08T04:26:48.043728+00:00,0,2557143,3815734,PARTIAL
POS-20260908T0532Z,2026-09-08T05:35:54.321710+00:00,,2026-09-08T05:52:34.446997+00:00,2026-09-08T06:04:02.080737+00:00,170,349231,1036865,PARTIAL
POS-20260908T063856,2026-09-08T06:38:56.803239+00:00,,2026-09-08T06:51:09.882690+00:00,2026-09-08T08:04:19.045252+00:00,0,2449963,3131588,PARTIAL
POS-20260908T092012,2026-09-08T09:20:12.375467+00:00,,2026-09-08T09:36:19.754117+00:00,2026-09-08T09:48:50.654956+00:00,214,61,91,PASS
POS-20260908T100753,2026-09-08T10:07:53.004772+00:00,,2026-09-08T10:19:09.754664+00:00,2026-09-08T10:34:25.354465+00:00,146,18,622,PASS
POS-20260908T105022,2026-09-08T10:50:22.516231+00:00,,2026-09-08T10:50:23.121083+00:00,2026-09-08T11:18:26.080053+00:00,152,343,356,PARTIAL
POS-20260908T113739,2026-09-08T11:37:39.084892+00:00,,2026-09-08T12:03:23.050058+00:00,2026-09-08T12:18:23.044079+00:00,142,75,419,PASS
POS-20260908T131419,2026-09-08T13:14:19.828597+00:00,,2026-09-08T13:14:20.451695+00:00,2026-09-08T13:48:42.918773+00:00,158,4,322,PASS
POS-20260908T140456,2026-09-08T14:04:56.518133+00:00,,2026-09-08T15:33:45.756589+00:00,2026-09-08T15:48:21.163193+00:00,132,87,162,PASS
POS-20260908T142140,2026-09-08T14:21:40.788787+00:00,,2026-09-08T14:48:22.844153+00:00,2026-09-08T15:03:41.559435+00:00,146,211,211,PASS
POS-20260908T152001,2026-09-08T15:20:01.356892+00:00,,2026-09-08T15:20:03.494928+00:00,2026-09-08T15:33:45.128006+00:00,185,22,53,PASS
POS-20260908T163554,2026-09-08T16:35:54.289453+00:00,,2026-09-08T17:48:51.082167+00:00,2026-09-08T18:33:29.982786+00:00,232,81,81,PASS
POS-20260908T185008,2026-09-08T18:50:08.954214+00:00,,2026-09-08T19:04:54.742513+00:00,2026-09-08T19:33:40.691855+00:00,185,64,99,PASS
POS-20260908T233624,2026-09-08T23:36:24.420171+00:00,,2026-09-08T23:48:49.149691+00:00,2026-09-09T00:04:39.466500+00:00,82,307,580153,PASS
POS-20260909T002041,2026-09-09T00:20:41.694830+00:00,,2026-09-09T00:48:41.072683+00:00,2026-09-09T01:48:47.060497+00:00,0,979008,1542381,PARTIAL
POS-20260909T0402Z,2026-09-09T04:09:25.711147+00:00,,2026-09-09T04:34:11.843421+00:00,2026-09-09T05:33:18.671470+00:00,199,23,73,PASS
POS-20260909T0547Z,2026-09-09T05:51:47.983872+00:00,,2026-09-09T07:18:53.553841+00:00,2026-09-09T13:46:21.820511+00:00,169,749,749,PASS
POS-20260909T1532Z,2026-09-09T15:38:06.181655+00:00,,2026-09-09T16:05:54.929064+00:00,2026-09-09T17:05:10.740553+00:00,194,56,56,PASS
POS-20260909T1547Z,2026-09-09T15:53:36.154018+00:00,,2026-09-09T17:19:00.873173+00:00,2026-09-09T19:08:14.581111+00:00,182,6,119,PASS
POS-20260909T2202Z,2026-09-09T22:06:03.564392+00:00,,2026-09-09T22:19:30.639929+00:00,2026-09-10T00:03:22.637119+00:00,187,55,503913,PASS
POS-20260910T0202Z,2026-09-10T02:04:46.769477+00:00,,2026-09-10T02:48:09.271631+00:00,2026-09-10T04:47:41.135020+00:00,102,1317,1317,PASS
POS-20260910T0502Z,2026-09-10T05:03:21.030892+00:00,,2026-09-10T05:18:06.008463+00:00,2026-09-10T05:32:41.455129+00:00,189,375,375,PASS
POS-20260910T0732Z,2026-09-10T07:32:52.286698+00:00,,2026-09-10T07:49:11.772807+00:00,2026-09-10T08:17:43.371189+00:00,112,32,516,PASS
POS-20260910T0917Z,2026-09-10T09:19:00.751010+00:00,,2026-09-10T09:33:56.127583+00:00,2026-09-10T10:19:29.955856+00:00,190,280,298,PASS
POS-20260910T1102ZB,2026-09-10T11:05:25.036312+00:00,,2026-09-10T11:34:16.261050+00:00,2026-09-10T12:04:09.432541+00:00,153,64,213,PASS
POS-20260910T133408,2026-09-10T13:34:08.416674+00:00,,2026-09-10T14:03:45.677135+00:00,2026-09-10T18:03:32.156436+00:00,194,139,139,PASS
POS-20260910T1902Z,2026-09-10T19:03:07.200596+00:00,,2026-09-10T19:49:21.453709+00:00,2026-09-11T01:05:34.752545+00:00,196,37,182,PASS
POS-20260911T0132Z,2026-09-11T01:33:50.713702+00:00,,2026-09-11T01:48:48.563849+00:00,2026-09-11T03:34:17.310883+00:00,109,240,240,PASS
POS-20260911T0432Z,2026-09-11T04:33:39.221726+00:00,,2026-09-11T05:19:03.998655+00:00,2026-09-11T05:51:02.639697+00:00,166,172,217,PASS
POS-20260911T0547Zb,2026-09-11T05:52:57.065190+00:00,,2026-09-11T06:19:35.987410+00:00,2026-09-11T07:50:01.914730+00:00,176,33,102,PASS
POS-20260911T0802Z,2026-09-11T08:04:40.860350+00:00,,2026-09-11T08:33:56.955033+00:00,2026-09-11T11:04:41.770211+00:00,126,139,389,PASS
POS-20260911T1117Z,2026-09-11T11:19:05.694812+00:00,,2026-09-11T11:48:45.431637+00:00,2026-09-11T12:19:01.091190+00:00,159,87,756,PASS
POS-20260911T1302Z,2026-09-11T13:03:56.544262+00:00,,2026-09-11T13:35:57.169852+00:00,2026-09-11T14:04:31.947592+00:00,171,146,314,PASS
POS-20260911T1432Z,2026-09-11T14:34:25.611745+00:00,,2026-09-11T14:48:42.282388+00:00,2026-09-11T16:33:21.751973+00:00,165,4,385,PASS
POS-20260911T1632Z,2026-09-11T16:33:21.775007+00:00,,2026-09-11T16:48:31.997050+00:00,2026-09-11T20:03:14.918172+00:00,242,78,129,PASS
POS-20260913T2217Z,2026-09-13T22:18:10.968799+00:00,,2026-09-13T23:02:49.526125+00:00,2026-09-14T00:03:16.152772+00:00,0,7330504,10009062,DATA_GAP
POS-20260914T001808,2026-09-14T00:18:08.452865+00:00,,2026-09-14T00:18:10.242668+00:00,2026-09-14T01:19:04.151658+00:00,0,2809788,2811578,PARTIAL
POS-20260914T0117Z,2026-09-14T01:19:04.184166+00:00,,2026-09-14T01:47:53.142805+00:00,2026-09-14T03:02:50.770311+00:00,137,327,327,PASS
POS-20260914T031902,2026-09-14T03:19:02.203982+00:00,,2026-09-14T04:48:41.687458+00:00,2026-09-14T07:48:55.541415+00:00,164,167,624,PASS
POS-20260914T090414,2026-09-14T09:04:14.908358+00:00,,2026-09-14T09:33:40.340878+00:00,2026-09-14T12:49:08.444968+00:00,185,14,63,PASS
POS-20260914T1247Z,2026-09-14T12:49:08.478969+00:00,,2026-09-14T13:03:20.027593+00:00,2026-09-14T13:17:50.137176+00:00,177,167,167,PASS
POS-20260914T1447Z,2026-09-14T14:49:29.757566+00:00,,2026-09-14T16:04:15.022351+00:00,2026-09-14T16:18:22.318604+00:00,145,113,113,PASS
POS-20260914T1502Zb,2026-09-14T15:04:50.873253+00:00,,2026-09-14T16:18:24.621397+00:00,2026-09-14T16:48:35.520487+00:00,146,88,259,PASS
POS-20260914T1517Z,2026-09-14T15:19:18.292262+00:00,,2026-09-14T15:19:20.470838+00:00,2026-09-14T15:33:53.460833+00:00,209,39,98,PASS
POS-20260915T0002Z,2026-09-15T00:03:36.368646+00:00,,2026-09-15T01:20:12.730906+00:00,2026-09-15T02:03:38.173862+00:00,0,97,517787,PARTIAL
POS-20260915T0032Z,2026-09-15T00:35:02.636160+00:00,,2026-09-15T00:48:15.945896+00:00,2026-09-15T01:20:10.274928+00:00,0,1004189,1797498,PARTIAL
POS-20260915T0217Z,2026-09-15T02:20:21.323102+00:00,,2026-09-15T02:35:15.889887+00:00,2026-09-15T05:47:55.497423+00:00,117,452,452,PASS
POS-20260915T0632Z,2026-09-15T06:33:36.937002+00:00,,2026-09-15T07:18:07.698644+00:00,2026-09-15T07:47:53.986059+00:00,0,5040805,5040805,DATA_GAP
POS-20260915T0917Z,2026-09-15T09:18:18.570653+00:00,,2026-09-15T10:48:11.208904+00:00,2026-09-15T13:05:57.049419+00:00,177,162,162,PASS
POS-20260915T1317Z,2026-09-15T13:18:32.855163+00:00,,2026-09-15T13:48:41.384124+00:00,2026-09-15T18:18:11.973963+00:00,133,584,584,PASS
POS-20260915T230323,2026-09-15T23:03:23.245821+00:00,,2026-09-15T23:17:56.197015+00:00,2026-09-16T02:33:30.398758+00:00,129,124,585,PASS
POS-20260916T0302Z,2026-09-16T03:05:12.792077+00:00,,2026-09-16T03:18:55.525524+00:00,2026-09-16T13:18:23.020854+00:00,123,58,95,PASS
POS-20260916T1417Z,2026-09-16T14:18:40.865746+00:00,,2026-09-16T14:48:50.417842+00:00,2026-09-16T15:47:33.451708+00:00,125,14,75,PASS
POS-20260916T1917Z,2026-09-16T19:19:03.608134+00:00,,2026-09-16T19:33:56.890590+00:00,2026-09-17T00:18:55.729648+00:00,139,143,1435743,PASS
POS-20260917T0017Z,2026-09-17T00:18:55.779866+00:00,,2026-09-17T01:21:26.370004+00:00,2026-09-17T07:21:21.857957+00:00,0,36,1435793,PARTIAL
POS-20260917T0847Z,2026-09-17T08:49:42.424606+00:00,,2026-09-17T09:33:23.216450+00:00,2026-09-17T10:50:28.784352+00:00,165,85,590495,PASS
POS-20260917T1047Z,2026-09-17T10:50:28.840865+00:00,,2026-09-17T12:03:30.819737+00:00,,0,73,590439,UNRESOLVABLE
